	Name	Seq	0	1	2	3	4	5	6	7	8	9	10	11	12	13	14	15	16	17	18	19	20	21	22	23	24	25	26	27	28	29
0	EMBOSS_001	tggacccgcaattttcatatatcgcaccgtactacgctagtattcaaggacggtcgcggcgaataagccggccctggtgtcattcgaacatcacactccactttaagacagacggaattattagtaagttctagatagggattagctctgcaccggtttgcctagttcctaccggcagttacacacacggattaaagaaaatgcactctgttagtactcggcaagatatgcacggcggaagtctcagggttcgtgaagttcagcgcttcgcctcaggattgccgatccagaggcacagcgagatttcggggacaactcaggcgggttggcaatcgcgtcgcaacgtgcagaataactctcaccccccggaaggcactctgaaggtggcggataccattaccagccgccgccgttattggcaagccacccttggataggggaggctgtagatgtaatggattgaatactatggacgggggagtcggctagtccgctaatcg	0.0458347424864769	0.05005272105336189	0.047886863350868225	0.047886863350868225	0.047886863350868225	0.047886863350868225	0.047886863350868225	0.05057806149125099	0.05057806149125099	0.05057806149125099	0.058732666075229645	0.12274814397096634	0.12274814397096634	0.12274814397096634	0.12274814397096634	0.12274814397096634	0.12274814397096634	0.12274814397096634	0.12274814397096634	0.148063525557518	0.148063525557518	0.148063525557518	0.148063525557518	0.148063525557518	0.148063525557518	0.148063525557518	0.148063525557518	0.148063525557518	0.11322527378797531	0.2912978231906891
1	EMBOSS_002	gccccactcaaagactaaagtgtgaatatactagtctctcttacggtgaccagtgcagatacaaggtttatattgcgactcatgatgtaccagactacgcaatacctaatctaatcgagtgagtcttggccacactcgctcgctgactatcgaatatataaggcgagtaccgtagaccaaaagcaaactcagttggccctccactgacacgtcaaaaagacaatagcaagattatgtaatgaactattttagccgaaatatgaagaattcgctcacgtgtcattctgcctggggattcataccgttacgtagttgttcggaagaaaaactacaagataataagctgtttaagttcaggacaaaaacgcatcacttttagcttagttgagtcgcaccgacaaatgcagaattaaggtcactcttgcgccaagggaaatatagtcggctgcatgaccaacaagtgctttcgtagaacgctgagttgagtgagctatctcaaa	0.023873429745435715	0.023873429745435715	0.023873429745435715	0.023873429745435715	0.023873429745435715	0.023873429745435715	0.023873429745435715	0.023873429745435715	0.050435371696949005	0.033974383026361465	0.07326941192150116	0.07326941192150116	0.07086294889450073	0.07086294889450073	0.06488454341888428	0.10526545345783234	0.11710760742425919	0.11985966563224792	0.046042196452617645	0.046042196452617645	0.046042196452617645	0.0574406273663044	0.0574406273663044	0.0574406273663044	0.0574406273663044	0.0574406273663044	0.0574406273663044	0.07692165672779083	0.05239931866526604	0.02454262226819992
2	EMBOSS_003	gtgtgtatggcattttccagcgaatataggccccgagagttagtttcagacggatgcaataagaagcgctacgatacagtacctgtttcgcgcgcatctcaaggtctgtatcgacacacggtacgaggttgggtaagcagtaggcgatggtaggcagttgttacgtgaacaaaccaacggtttgcgcggcttaagggattagaaagcaccaggcgtccttgaacttcctatgatgtaaactagtcttcccctaactggacctaccgtacgttcgtccagtcgactatctagcgaagctgtcgaccatgtgtcatagatcatcccgccgttatatttagaaacggaccctaccccagttgcacctccggtgtatctcgcggtggccttctccactgcatggcagaaagaagaggcggctagcgttgtccagacagaccacaagatggatctatatgtgtacattgttctccttagttagtgcccctcgggtcccttaaact	0.0952528566122055	0.08679045736789703	0.049411091953516006	0.0274061132222414	0.0274061132222414	0.02658226154744625	0.02658226154744625	0.02658226154744625	0.02421218901872635	0.037243541330099106	0.037243541330099106	0.025015033781528473	0.025015033781528473	0.025015033781528473	0.025015033781528473	0.025015033781528473	0.025015033781528473	0.02673531323671341	0.02673531323671341	0.02673531323671341	0.02673531323671341	0.025634342804551125	0.027502091601490974	0.027502091601490974	0.066559337079525	0.066559337079525	0.09870153665542603	0.04672732949256897	0.04649315029382706	0.04649315029382706
3	EMBOSS_004	taacaccctaacgaagccattagctgcttgcggcaagtgcaggatttgtacgcttcacgtaactgcgatactggtgtaattcggtaagacttacatgtgtacatgggtagagtctttggcgtatgtatctctaagttgagcttaaggtcataaaatacaccatcaacgatggtgaatcatccagggtaagctgtataaccctaccattctcggaacaactgggcgattgaattaccaccttgcactgattagcacactctagaagccttaacccccaaggtacaccagtgggaatcgtttacataacaattgattgagcagtaatagatttctatacgagctgaatgatgtctgagagggaagatacgtattgcttcctgtcgtagcttcttttaacatgatgcccgcgcggctaaaagttggtcaacaaacccagcgacctcgatagggaacctctgtgtaatgacttttatccagcgtctaacgacattgatgcagag	0.09636863321065903	0.09636863321065903	0.0775071531534195	0.0749913901090622	0.07477914541959763	0.030442263931035995	0.04110545292496681	0.04110545292496681	0.04110545292496681	0.042651329189538956	0.08406877517700195	0.08406877517700195	0.08406877517700195	0.08406877517700195	0.08406877517700195	0.09998442232608795	0.09998442232608795	0.09998442232608795	0.026806816458702087	0.10839753597974777	0.10839753597974777	0.10839753597974777	0.06921949237585068	0.061234425753355026	0.061234425753355026	0.061234425753355026	0.061234425753355026	0.11382663995027542	0.09824886918067932	0.09824886918067932
4	EMBOSS_005	tcccgttgccgactggttcactagaacggtggttatagaggcatacgtgtggaaagtattggtctgttcccgaccggcagggatgcgtacttctaagttgcggacaactcatacgaacactggtcacaggatgcacctatcgagcgaaaggtcagcaatgccaatacattacggtaaaaattcagagcgatgctcaactggggcgttggtgactctacccttggattccaggaactctaagccgatcgctacggttgcggacggcctgaccctccttccggatgaccaatcgagtgcatttgcctgaaatgttttcctctctcggctgctcttcccattagaaccaacactgcttgattatagggaagtccctcccctgaaattacctccaacggtgataacggtttagagacttataactcctgggttccgcctggtgctttagagatgtcaacctgccgtcatcctgtccagactgattggacgcaatatgatccatg	0.10275713354349136	0.10275713354349136	0.10275713354349136	0.10275713354349136	0.10957611352205276	0.10957611352205276	0.10957611352205276	0.05243157967925072	0.053560566157102585	0.053560566157102585	0.053560566157102585	0.053560566157102585	0.04807465150952339	0.04216260090470314	0.04216260090470314	0.04216260090470314	0.031001323834061623	0.031001323834061623	0.031001323834061623	0.031001323834061623	0.031001323834061623	0.031001323834061623	0.031001323834061623	0.05648956447839737	0.05648956447839737	0.05648956447839737	0.05217323452234268	0.04860857501626015	0.07827222347259521	0.07827222347259521
5	EMBOSS_006	cgaataggcctgaggcactgggtcgtctactgtagcgtactcgtaatcaacgtaccatactccttgagcccttaggtagctagcctagtggtaccatatccttaccctgtgaagggtcacacgacaactgggcgtcaacggcgggcagaccccatgcagcgtcgtactcgtgagtaaagagtattaatcaatccctggcccgaagcgtcgaacaggctctgcatggcgccgcgtggtatcacttaataagccgtgagatcttccttggaaatcccgattggtcgaattggaggatctcacttgtagccaatcaggattttcgcgttatcttgagtagactttttagcggacatcagggtaaactatagccccagaagagtagcttgggtgaggtaagagaccttaagtaagtgcacacaatgcgctagttaatcgtagcatcaagatgttggtgtcccgccccctgtcaaggagacacaaagcaacagcccattattggg	0.05562219396233559	0.05562219396233559	0.113691546022892	0.1452445685863495	0.1452445685863495	0.1452445685863495	0.14297860860824585	0.09731495380401611	0.09731495380401611	0.09731495380401611	0.09731495380401611	0.08081059902906418	0.08081059902906418	0.08081059902906418	0.08081059902906418	0.08081059902906418	0.08081059902906418	0.07453548163175583	0.09536495059728622	0.08998147398233414	0.08998147398233414	0.06636036932468414	0.09474293142557144	0.04137101396918297	0.04137101396918297	0.04137101396918297	0.035817794501781464	0.04686440899968147	0.04686440899968147	0.04595917463302612
6	EMBOSS_007	cgggcggatagtaaaaggatcaagcagtacgcgtcgcccaccccgggaataccttagacacggctagtggcgggcgacggacatacaacttcgtccacgattgagtgtcaagccagcctggtatagagacttggatggcgatcgacgaacaacaaactttctgacgagcaaggcaaggccgttaaaggccttagctagtcagcgggccattcaatgtgtacgtcagccgacggaatgggcttctgatcgtgcttgaacgtcttagttccttatgtttaaagtgtaggggcgaggacgagtagccacgctgcacccgcttaagtgatacatacatcggaagttacgcatccgaccacgggaaacagccgtgcgatttcgcggaagcacttgaattgaaagtgagcatggcgaattacggaacgtgtgctgcggggtgggcctgtgcgggaatttgcgtaagatgaatgtgacacggtatttcgtgttacgggggccagggc	0.08138809353113174	0.08138809353113174	0.062334783375263214	0.07664196938276291	0.07664196938276291	0.07664196938276291	0.07664196938276291	0.07664196938276291	0.038094114512205124	0.038094114512205124	0.038094114512205124	0.038094114512205124	0.03791835531592369	0.03791835531592369	0.03791835531592369	0.03760780766606331	0.03760780766606331	0.04486314207315445	0.04486314207315445	0.04486314207315445	0.04486314207315445	0.04486314207315445	0.05112474039196968	0.0442822203040123	0.0442822203040123	0.045516133308410645	0.045516133308410645	0.06903281062841415	0.06903281062841415	0.041564587503671646
7	EMBOSS_008	ctttcatgaaatagcatgcccccctcttatgcgggcataatcggtctataccggcagcgactgagcacgtccgtgattaaacatttctggaaaatagaccctaaattccagaactaacgcacaagtgtctgcccggaacagcaacgtcatattaggccctctcggcgcgtaaatgcgtcgaatagtatttatcgcgtgtggaacatatgctcccccgcagacatctatagacacgactttccactgatcccagataccgatcagtgagaccgtacccttcactcggtatacccttctctaattaaatagtggccttggcagtcttggcctcagttggttatatcaggtcacccaaaattcggtcggttctaaagtagaatctgaagtccagtggactggaagtccccttcaggagctcgaactcttttcgacaatgcggttcaatggctctttccgccaggtaagagtcacacacacggcacctataccggtatttgcat	0.1570359617471695	0.1837530881166458	0.1837530881166458	0.1837530881166458	0.1837530881166458	0.1837530881166458	0.1837530881166458	0.1837530881166458	0.1837530881166458	0.1837530881166458	0.14192864298820496	0.14192864298820496	0.14192864298820496	0.14192864298820496	0.0698183923959732	0.0698183923959732	0.0698183923959732	0.05580567568540573	0.05580567568540573	0.05580567568540573	0.0594680979847908	0.05986921489238739	0.08000275492668152	0.05969328060746193	0.05969328060746193	0.08065474778413773	0.08065474778413773	0.08065474778413773	0.09301270544528961	0.09301270544528961
8	EMBOSS_009	accgatcgcattgcctaatatcttgcggccacgacattgcttccgctgtccctgtaggggacaaagccagtgcagcttgagaccgggctattcttcacgattataaggatttacccggagatgcgagtgcggctacatacaccgcgctagggggagaagtgtcatttgcatgctccatggtctcgtgtttcctctggctcggggcataactttactccaactacatgtttaacgccttcaagcaatcacggtatggcctgctcttttggttagcccgacctattacggtttcaccaaagctgcagagcagttgtggacggaatgtaaggaaaaattatccgacacgccgagccaaagaagcctacctctagatctattccaatcgacacgcatcccctacttagaaataataaaggggagtgtaccgaattctggcttcgaaccagacctctgaaaaacgaaaccccctcctccagtgaaacatcgttcacccggaatgc	0.043246373534202576	0.043246373534202576	0.043246373534202576	0.043246373534202576	0.04298601299524307	0.028894685208797455	0.042395997792482376	0.04740113765001297	0.039975184947252274	0.039975184947252274	0.039975184947252274	0.039975184947252274	0.039975184947252274	0.03466395288705826	0.0351606085896492	0.0351606085896492	0.040684644132852554	0.040684644132852554	0.040684644132852554	0.04198943078517914	0.04094274342060089	0.04094274342060089	0.04094274342060089	0.05666947737336159	0.05857539176940918	0.14190872013568878	0.14190872013568878	0.14190872013568878	0.14190872013568878	0.14190872013568878
9	EMBOSS_010	gtcaggagtaacttccgcttgcgaagtgaggactcctcgtcgatgtacgcaaatagatcagcatttgatgttatgacagaggggatgagccaggctccggttgacacgtatgttaatcggagtaggctactcgtaaaaggtttatactattcactgcaacacttcgacgcagacatgcataggctcatatctccaccacggtggcggagcttcagaatataccattagtccgtggaaagtttaggtcattcttaccggggcttgcctgctgccatttatcatggcgcggttgtagatcggacgtatgtgttcctcataacgttattggaacgacatcgttgggggttcaaatcgcaccgaatcggatcacctggctgaatgtaaccgaggataccgcaacagtacgtcggtcatcttgaaaaggcctacacaaacacatctaggtcgtgggacggagaacgccatatatcatgtcttagcaacttcgcgggataaacaca	0.034225642681121826	0.034225642681121826	0.034225642681121826	0.03373299166560173	0.03373299166560173	0.03390135243535042	0.09234745055437088	0.09127560257911682	0.09127560257911682	0.08189856261014938	0.08189856261014938	0.08738458901643753	0.03672366589307785	0.03672366589307785	0.03672366589307785	0.03672366589307785	0.02950449287891388	0.02950449287891388	0.02950449287891388	0.03150055184960365	0.03150055184960365	0.0653003603219986	0.0653003603219986	0.0653003603219986	0.0642281249165535	0.0642281249165535	0.0642281249165535	0.06945155560970306	0.06945155560970306	0.06945155560970306
